email,password
user_1@cdc-diabetes.com,password123
user_2@cdc-diabetes.com,password123
user_3@cdc-diabetes.com,password123
user_4@cdc-diabetes.com,password123
user_5@cdc-diabetes.com,password123
user_6@cdc-diabetes.com,password123
user_7@cdc-diabetes.com,password123
user_8@cdc-diabetes.com,password123
user_9@cdc-diabetes.com,password123
user_10@cdc-diabetes.com,password123
user_11@cdc-diabetes.com,password123
user_12@cdc-diabetes.com,password123
user_13@cdc-diabetes.com,password123
user_14@cdc-diabetes.com,password123
user_15@cdc-diabetes.com,password123
user_16@cdc-diabetes.com,password123
user_17@cdc-diabetes.com,password123
user_18@cdc-diabetes.com,password123
user_19@cdc-diabetes.com,password123
user_20@cdc-diabetes.com,password123
user_21@cdc-diabetes.com,password123
user_22@cdc-diabetes.com,password123
user_23@cdc-diabetes.com,password123
user_24@cdc-diabetes.com,password123
user_25@cdc-diabetes.com,password123
user_26@cdc-diabetes.com,password123
user_27@cdc-diabetes.com,password123
user_28@cdc-diabetes.com,password123
user_29@cdc-diabetes.com,password123
user_30@cdc-diabetes.com,password123
user_31@cdc-diabetes.com,password123
user_32@cdc-diabetes.com,password123
user_33@cdc-diabetes.com,password123
user_34@cdc-diabetes.com,password123
user_35@cdc-diabetes.com,password123
user_36@cdc-diabetes.com,password123
user_37@cdc-diabetes.com,password123
user_38@cdc-diabetes.com,password123
user_39@cdc-diabetes.com,password123
user_40@cdc-diabetes.com,password123
user_41@cdc-diabetes.com,password123
user_42@cdc-diabetes.com,password123
user_43@cdc-diabetes.com,password123
user_44@cdc-diabetes.com,password123
user_45@cdc-diabetes.com,password123
user_46@cdc-diabetes.com,password123
user_47@cdc-diabetes.com,password123
user_48@cdc-diabetes.com,password123
user_49@cdc-diabetes.com,password123
user_50@cdc-diabetes.com,password123
user_51@cdc-diabetes.com,password123
user_52@cdc-diabetes.com,password123
user_53@cdc-diabetes.com,password123
user_54@cdc-diabetes.com,password123
user_55@cdc-diabetes.com,password123
user_56@cdc-diabetes.com,password123
user_57@cdc-diabetes.com,password123
user_58@cdc-diabetes.com,password123
user_59@cdc-diabetes.com,password123
user_60@cdc-diabetes.com,password123
user_61@cdc-diabetes.com,password123
user_62@cdc-diabetes.com,password123
user_63@cdc-diabetes.com,password123
user_64@cdc-diabetes.com,password123
user_65@cdc-diabetes.com,password123
user_66@cdc-diabetes.com,password123
user_67@cdc-diabetes.com,password123
user_68@cdc-diabetes.com,password123
user_69@cdc-diabetes.com,password123
user_70@cdc-diabetes.com,password123
user_71@cdc-diabetes.com,password123
user_72@cdc-diabetes.com,password123
user_73@cdc-diabetes.com,password123
user_74@cdc-diabetes.com,password123
user_75@cdc-diabetes.com,password123
user_76@cdc-diabetes.com,password123
user_77@cdc-diabetes.com,password123
user_78@cdc-diabetes.com,password123
user_79@cdc-diabetes.com,password123
user_80@cdc-diabetes.com,password123
user_81@cdc-diabetes.com,password123
user_82@cdc-diabetes.com,password123
user_83@cdc-diabetes.com,password123
user_84@cdc-diabetes.com,password123
user_85@cdc-diabetes.com,password123
user_86@cdc-diabetes.com,password123
user_87@cdc-diabetes.com,password123
user_88@cdc-diabetes.com,password123
user_89@cdc-diabetes.com,password123
user_90@cdc-diabetes.com,password123
user_91@cdc-diabetes.com,password123
user_92@cdc-diabetes.com,password123
user_93@cdc-diabetes.com,password123
user_94@cdc-diabetes.com,password123
user_95@cdc-diabetes.com,password123
user_96@cdc-diabetes.com,password123
user_97@cdc-diabetes.com,password123
user_98@cdc-diabetes.com,password123
user_99@cdc-diabetes.com,password123
user_100@cdc-diabetes.com,password123
user_1@hypertension-risk.com,password123
user_2@hypertension-risk.com,password123
user_3@hypertension-risk.com,password123
user_4@hypertension-risk.com,password123
user_5@hypertension-risk.com,password123
user_6@hypertension-risk.com,password123
user_7@hypertension-risk.com,password123
user_8@hypertension-risk.com,password123
user_9@hypertension-risk.com,password123
user_10@hypertension-risk.com,password123
user_11@hypertension-risk.com,password123
user_12@hypertension-risk.com,password123
user_13@hypertension-risk.com,password123
user_14@hypertension-risk.com,password123
user_15@hypertension-risk.com,password123
user_16@hypertension-risk.com,password123
user_17@hypertension-risk.com,password123
user_18@hypertension-risk.com,password123
user_19@hypertension-risk.com,password123
user_20@hypertension-risk.com,password123
user_21@hypertension-risk.com,password123
user_22@hypertension-risk.com,password123
user_23@hypertension-risk.com,password123
user_24@hypertension-risk.com,password123
user_25@hypertension-risk.com,password123
user_26@hypertension-risk.com,password123
user_27@hypertension-risk.com,password123
user_28@hypertension-risk.com,password123
user_29@hypertension-risk.com,password123
user_30@hypertension-risk.com,password123
user_31@hypertension-risk.com,password123
user_32@hypertension-risk.com,password123
user_33@hypertension-risk.com,password123
user_34@hypertension-risk.com,password123
user_35@hypertension-risk.com,password123
user_36@hypertension-risk.com,password123
user_37@hypertension-risk.com,password123
user_38@hypertension-risk.com,password123
user_39@hypertension-risk.com,password123
user_40@hypertension-risk.com,password123
user_41@hypertension-risk.com,password123
user_42@hypertension-risk.com,password123
user_43@hypertension-risk.com,password123
user_44@hypertension-risk.com,password123
user_45@hypertension-risk.com,password123
user_46@hypertension-risk.com,password123
user_47@hypertension-risk.com,password123
user_48@hypertension-risk.com,password123
user_49@hypertension-risk.com,password123
user_50@hypertension-risk.com,password123
user_51@hypertension-risk.com,password123
user_52@hypertension-risk.com,password123
user_53@hypertension-risk.com,password123
user_54@hypertension-risk.com,password123
user_55@hypertension-risk.com,password123
user_56@hypertension-risk.com,password123
user_57@hypertension-risk.com,password123
user_58@hypertension-risk.com,password123
user_59@hypertension-risk.com,password123
user_60@hypertension-risk.com,password123
user_61@hypertension-risk.com,password123
user_62@hypertension-risk.com,password123
user_63@hypertension-risk.com,password123
user_64@hypertension-risk.com,password123
user_65@hypertension-risk.com,password123
user_66@hypertension-risk.com,password123
user_67@hypertension-risk.com,password123
user_68@hypertension-risk.com,password123
user_69@hypertension-risk.com,password123
user_70@hypertension-risk.com,password123
user_71@hypertension-risk.com,password123
user_72@hypertension-risk.com,password123
user_73@hypertension-risk.com,password123
user_74@hypertension-risk.com,password123
user_75@hypertension-risk.com,password123
user_76@hypertension-risk.com,password123
user_77@hypertension-risk.com,password123
user_78@hypertension-risk.com,password123
user_79@hypertension-risk.com,password123
user_80@hypertension-risk.com,password123
user_81@hypertension-risk.com,password123
user_82@hypertension-risk.com,password123
user_83@hypertension-risk.com,password123
user_84@hypertension-risk.com,password123
user_85@hypertension-risk.com,password123
user_86@hypertension-risk.com,password123
user_87@hypertension-risk.com,password123
user_88@hypertension-risk.com,password123
user_89@hypertension-risk.com,password123
user_90@hypertension-risk.com,password123
user_91@hypertension-risk.com,password123
user_92@hypertension-risk.com,password123
user_93@hypertension-risk.com,password123
user_94@hypertension-risk.com,password123
user_95@hypertension-risk.com,password123
user_96@hypertension-risk.com,password123
user_97@hypertension-risk.com,password123
user_98@hypertension-risk.com,password123
user_99@hypertension-risk.com,password123
user_100@hypertension-risk.com,password123
